Date,Week_Number,Month,Quarter,Year,Diesel_Price_Chennai,Rainfall_mm_Chennai,RBI_Repo_Rate,USD_to_INR,Iron_Ore_Price_per_Ton,Coking_Coal_Price_per_Ton,Scrap_Metal_Price_per_Ton,ARS_TMT_Price_per_Ton,Competitor_Avg_Price_per_Ton,ARS_Sales_Volume_Tons,ARS_Price_Lag_1W,ARS_Price_Lag_2W,ARS_Price_Rolling_Mean_4W,ARS_Demand_Lag_1W,USD_to_INR_Lag_1W,CDRI_Raipur_Price_INR_per_Ton,PDRI_Bellary_Price_INR_per_Ton,PDRI_Hyderabad_Price_INR_per_Ton,PDRI_Raipur_Price_INR_per_Ton,Turkey_Scrap_Metal_Price_INR_per_Ton,RB2_Coal_Gangavaram_Price_INR_per_Ton
2021-06-09,23,6,2,2021,84.67,9.3,4.0,73.5477,7546,5010,15844,45091,45686,6339,45091,45091,45196,6339,73.5477,31700.0,29500.0,29800.0,30400.0,37267.67027142858,7648.960800000001
2021-06-16,24,6,2,2021,83.09,39.1,4.0,73.5477,7862,5227,15873,44592,45041,6014,45091,45091,45196,6339,73.5477,32000.0,29150.0,30200.0,30700.0,36847.3977,7653.373662000001
2021-06-23,25,6,2,2021,83.39,13.0,4.0,73.5477,7605,5026,16005,45944,46260,6229,44592,45091,45196,6014,73.5477,31500.0,28700.0,29300.0,30400.0,36710.809114285716,7875.487716000001
2021-06-30,26,6,2,2021,83.15,12.9,4.0,73.5477,7756,5184,16038,45157,45399,6153,45944,44592,45196,6229,73.5477,30800.0,27200.0,28000.0,29400.0,36574.22052857143,7825.4752800000015
2021-07-07,27,7,3,2021,83.36,28.2,4.0,74.5259,7531,5152,16380,45070,45104,5832,45157,45944,45190,6153,73.5477,30000.0,27100.0,27900.0,28850.0,36975.49295714286,8033.892019999999
2021-07-14,28,7,3,2021,82.66,21.7,4.0,74.5259,7530,5277,16492,46638,46516,6013,45070,45157,45702,5832,74.5259,30000.0,28400.0,29300.0,28800.0,36443.1651,8306.656813999998
2021-07-21,29,7,3,2021,82.32,30.0,4.0,74.5259,7748,5290,16478,46370,46645,5913,46638,45070,45808,6013,74.5259,31400.0,29200.0,30000.0,29700.0,35825.66478571428,8597.307824
2021-07-28,30,7,3,2021,83.57,29.8,4.0,74.5259,7982,5248,16619,46280,46613,6322,46370,46638,46089,5913,74.5259,32100.0,29000.0,29800.0,30100.0,35133.63857142857,9056.387368
2021-08-04,31,8,3,2021,81.56,115.0,4.0,74.1675,8431,5256,16770,46446,46889,5627,46280,46370,46433,6322,74.5259,33100.0,29500.0,30200.0,31100.0,34339.552500000005,9054.368400000001
2021-08-11,32,8,3,2021,83.85,88.9,4.0,74.1675,7737,5595,16925,47785,48276,5881,46446,46280,46720,5627,74.1675,33300.0,29100.0,29900.0,31300.0,34055.24375,9267.9708
2021-08-18,33,8,3,2021,83.76,142.1,4.0,74.1675,8357,5344,16928,47269,47717,6040,47785,46446,46945,5881,74.1675,34000.0,29800.0,30700.0,31900.0,33597.8775,9423.72255
2021-08-25,34,8,3,2021,82.95,94.7,4.0,74.1675,7976,5184,17428,47505,47262,5837,47269,47785,47251,6040,74.1675,32700.0,29000.0,29800.0,30100.0,33269.421428571426,9622.491450000001
2021-09-01,35,9,3,2021,83.66,110.1,4.0,73.5544,8360,5295,17475,47747,47572,6228,47505,47269,47576,5837,74.1675,31900.0,28500.0,29300.0,29800.0,32952.3712,9981.33208
2021-09-08,36,9,3,2021,82.98,143.9,4.0,73.5544,7817,5159,16868,47999,48533,6189,47747,47505,47630,6228,73.5544,31200.0,28700.0,29500.0,29000.0,32731.708,10214.499528
2021-09-15,37,9,3,2021,82.93,145.7,4.0,73.5544,8208,5339,16949,47566,48092,6080,47999,47747,47704,6189,73.5544,31900.0,30100.0,31000.0,30100.0,32314.899733333332,10655.825928
2021-09-22,38,9,3,2021,84.52,120.5,4.0,73.5544,8226,5242,17040,48374,48375,5876,47566,47999,47921,6080,73.5544,32500.0,29900.0,30800.0,30550.0,32437.4904,11150.84704
2021-09-29,39,9,3,2021,83.99,140.5,4.0,73.5544,8142,5643,17575,48268,48269,5796,48374,47566,48051,5876,73.5544,33200.0,30500.0,31200.0,31200.0,32020.682133333332,12733.737728
2021-10-06,40,10,4,2021,85.51,370.9,4.0,74.9107,8216,5850,17311,49207,49490,4811,48268,48374,48353,5796,73.5544,35900.0,35500.0,36000.0,34100.0,33559.9936,14958.168576000002
2021-10-13,41,10,4,2021,86.09,319.9,4.0,74.9107,8308,5580,17838,49541,49350,4987,49207,48268,48847,4811,74.9107,37300.0,36700.0,37800.0,35300.0,35282.9397,16424.170975
2021-10-20,42,10,4,2021,84.64,310.8,4.0,74.9107,8371,5449,17385,50947,50982,4930,49541,49207,49490,4987,74.9107,36800.0,36500.0,37300.0,34700.0,37455.350000000006,15854.100548
2021-10-27,43,10,4,2021,84.42,230.0,4.0,74.9107,7999,5475,17333,50340,50740,5130,50947,49541,50008,4930,74.9107,35300.0,33800.0,34300.0,32900.0,37829.9035,12737.815428
2021-11-03,44,11,4,2021,85.61,310.4,4.0,74.4736,8163,5419,17334,51037,51187,4945,50340,50947,50466,5130,74.9107,34500.0,32300.0,33000.0,32200.0,36715.484800000006,9463.360352
2021-11-10,45,11,4,2021,82.98,308.5,4.0,74.4736,8272,5424,17423,49965,50384,4841,51037,50340,50572,4945,74.4736,33000.0,30700.0,31500.0,30800.0,37162.326400000005,10339.914624000001
2021-11-17,46,11,4,2021,83.5,318.0,4.0,74.4736,7927,5618,17806,50721,50585,4927,49965,51037,50515,4841,74.4736,31200.0,29400.0,30100.0,29500.0,37236.8,9267.494784
2021-11-24,47,11,4,2021,84.4,276.0,4.0,74.4736,8240,5831,18494,50705,51206,5052,50721,49965,50607,4927,74.4736,30900.0,29000.0,30000.0,28900.0,36641.0112,10727.177344
2021-12-01,48,12,4,2021,84.91,233.4,4.0,75.4267,8698,5639,18227,51691,52542,5055,50705,50721,50770,5052,74.4736,30400.0,28400.0,29200.0,28200.0,37109.9364,9441.160039
2021-12-08,49,12,4,2021,84.81,101.4,4.0,75.4267,8641,5453,18143,50414,50452,5716,51691,50705,50882,5055,75.4267,29500.0,27100.0,27700.0,27600.0,35827.682499999995,9368.750407
2021-12-15,50,12,4,2021,84.91,114.3,4.0,75.4267,8422,6057,17995,50832,51292,5763,50414,51691,50910,5716,75.4267,30800.0,28950.0,29800.0,28800.0,35676.829099999995,10027.225498
2021-12-22,51,12,4,2021,85.49,200.5,4.0,75.4267,8826,5473,18151,50870,50753,5306,50832,50414,50951,5763,75.4267,30800.0,28000.0,28700.0,28800.0,35073.415499999996,10348.543239999999
2021-12-29,52,12,4,2021,84.99,161.2,4.0,75.4267,8664,5869,18097,52059,52029,5394,50870,50832,51043,5306,75.4267,32300.0,30000.0,30800.0,30700.0,34922.562099999996,9616.90425
2022-01-05,1,1,1,2022,85.52,34.6,5.4,74.4521,8503,6082,18249,51202,51665,5854,52059,50870,51240,5394,75.4267,32300.0,30050.0,30900.0,30500.0,34471.3223,9462.86191
2022-01-12,2,1,1,2022,85.36,15.9,5.4,74.4521,8843,5992,18454,51842,52079,5637,51202,52059,51493,5854,74.4521,34100.0,30950.0,31650.0,32100.0,35141.3912,11391.1713
2022-01-19,3,1,1,2022,84.78,35.0,5.4,74.4521,9010,5947,18618,52007,52074,5514,51842,51202,51777,5637,74.4521,35000.0,31850.0,32600.0,33000.0,35066.9391,12266.727996
2022-01-26,4,1,1,2022,84.66,6.2,5.4,74.4521,8695,5547,18416,51863,52157,5435,52007,51842,51728,5514,74.4521,36250.0,33150.0,33850.0,34250.0,34918.0349,13437.115007999999
2022-02-02,5,2,1,2022,84.59,39.7,5.4,74.9578,8936,5982,18716,52691,52535,5645,51863,52007,52100,5435,74.4521,36900.0,34900.0,35700.0,34900.0,36204.6174,13601.842388000001
2022-02-09,6,2,1,2022,85.82,38.8,5.4,74.9578,8868,5766,18580,52331,52566,6061,52691,51863,52223,5645,74.9578,36350.0,33500.0,34600.0,34050.0,37478.9,14631.762560000001
2022-02-16,7,2,1,2022,85.42,39.0,5.4,74.9578,8895,5884,18545,52929,53581,5479,52331,52691,52453,6061,74.9578,36400.0,33100.0,33900.0,34400.0,37853.689000000006,15051.526240000003
2022-02-23,8,2,1,2022,87.12,6.5,5.4,74.9578,8597,5682,18790,52403,52884,5685,52929,52331,52588,5479,74.9578,37000.0,33600.0,34200.0,35200.0,38003.604600000006,15846.078920000002
2022-03-02,9,3,1,2022,85.87,37.2,5.4,76.2198,8592,5723,18591,53366,53865,5457,52403,52929,52757,5685,74.9578,39500.0,37200.0,37900.0,38800.0,40015.395000000004,24710.459160000002
2022-03-09,10,3,1,2022,87.36,28.0,5.4,76.2198,8659,5770,18775,53560,53904,5811,53366,52403,53064,5457,76.2198,45300.0,42000.0,43000.0,44100.0,49390.430400000005,31356.82572
2022-03-16,11,3,1,2022,85.06,22.0,5.4,76.2198,8961,6220,18781,52757,53478,5606,53560,53366,53021,5811,76.2198,42300.0,38650.0,40000.0,40800.0,50686.167,26905.5894
2022-03-23,12,3,1,2022,86.09,16.5,5.4,76.2198,8899,5806,19079,53567,53354,5943,52757,53560,53312,5606,76.2198,42800.0,38300.0,39200.0,40800.0,49923.969000000005,17972.62884
2022-03-30,13,3,1,2022,85.11,37.0,5.4,76.2198,8888,5743,18824,53412,53369,5643,53567,52757,53324,5943,76.2198,39900.0,37000.0,37600.0,37900.0,49771.52940000001,19375.07316
2022-04-06,14,4,2,2022,86.1,8.1,5.4,76.1861,9197,5597,18958,53303,53817,5556,53412,53567,53259,5643,76.2198,38500.0,36550.0,37200.0,36700.0,49749.5233,19793.14878
2022-04-13,15,4,2,2022,87.01,34.9,5.4,76.1861,9256,6239,18636,54616,55418,5517,53303,53412,53724,5556,76.1861,37500.0,36100.0,36800.0,36000.0,49749.5233,22170.1551
2022-04-20,16,4,2,2022,86.14,14.4,5.4,76.1861,8579,6074,18855,54070,54525,5212,54616,53303,53850,5517,76.1861,39500.0,37600.0,38250.0,38000.0,48911.4762,22612.03448
2022-04-27,17,4,2,2022,86.33,23.2,5.4,76.1861,8537,5897,19256,54269,54315,5545,54070,54616,54064,5212,76.1861,37000.0,36000.0,37000.0,35500.0,43426.077,20600.721439999998
2022-05-04,18,5,2,2022,86.96,23.7,5.4,77.2954,8881,5615,19285,54998,55204,5682,54269,54070,54488,5545,76.1861,36500.0,36450.0,37400.0,35000.0,42512.47,20885.21708
2022-05-11,19,5,2,2022,88.25,35.5,5.4,77.2954,9068,5825,19128,54543,54815,5466,54998,54269,54470,5682,77.2954,36000.0,35550.0,36500.0,34400.0,38647.7,23405.047120000003
2022-05-18,20,5,2,2022,86.12,6.1,5.4,77.2954,9101,5871,18833,54023,54844,5595,54543,54998,54458,5466,77.2954,36200.0,34350.0,35300.0,33900.0,36715.315,24147.08296
2022-05-25,21,5,2,2022,86.08,36.3,5.4,77.2954,8934,6299,18774,54844,55607,5394,54023,54543,54602,5595,77.2954,36200.0,31500.0,32400.0,32500.0,35942.361,21117.10328
2022-06-01,22,6,2,2022,86.5,8.5,5.4,78.0183,8564,5860,18775,54132,54758,5553,54844,54023,54385,5394,77.2954,36200.0,31500.0,32200.0,30900.0,34328.051999999996,20830.8861
2022-06-08,23,6,2,2022,86.97,35.3,5.4,78.0183,9371,6094,18845,54054,54672,5457,54132,54844,54263,5553,78.0183,36200.0,32150.0,32900.0,30450.0,33937.9605,19504.575
2022-06-15,24,6,2,2022,86.56,36.9,5.4,78.0183,8853,5736,19076,54719,54413,5723,54054,54132,54437,5457,78.0183,36200.0,32100.0,32800.0,30750.0,30037.0455,17320.062599999997
2022-06-22,25,6,2,2022,87.47,32.0,5.4,78.0183,9063,5941,18802,54808,54709,5368,54719,54054,54428,5723,78.0183,36200.0,32550.0,33200.0,31600.0,26760.276899999997,18178.263899999998
2022-06-29,26,6,2,2022,87.93,6.2,5.4,78.0183,8994,6147,18721,54229,54481,5532,54808,54719,54452,5368,78.0183,36200.0,33800.0,34500.0,32800.0,25902.0756,17554.1175
2022-07-06,27,7,3,2022,86.45,17.5,5.4,79.5167,8920,5897,18675,54833,55036,6118,54229,54808,54647,5532,78.0183,36200.0,34000.0,34750.0,33500.0,30852.4796,20992.4088
2022-07-13,28,7,3,2022,88.77,26.9,5.4,79.5167,9206,5774,18780,54708,55410,5603,54833,54229,54644,6118,79.5167,36200.0,35200.0,35900.0,35800.0,32601.847,20435.7919
2022-07-20,29,7,3,2022,86.45,9.8,5.4,79.5167,9231,6098,18432,55105,55632,5519,54708,54833,54718,5603,79.5167,36200.0,34050.0,34700.0,33400.0,31409.0965,19481.5915
2022-07-27,30,7,3,2022,87.93,33.8,5.4,79.5167,8696,6069,18561,54895,55272,5418,55105,54708,54885,5519,79.5167,36200.0,34100.0,34900.0,34200.0,28626.012,19481.5915
2022-08-03,31,8,3,2022,87.84,80.1,5.4,79.5703,8446,6021,18678,54730,55147,5494,54895,55105,54859,5418,79.5167,36200.0,34900.0,35700.0,35500.0,27849.605,19494.7235
2022-08-10,32,8,3,2022,89.28,128.7,5.4,79.5703,8823,6139,18820,54838,55077,5508,54730,54895,54892,5494,79.5703,36200.0,34750.0,35600.0,34700.0,31191.5576,17107.6145
2022-08-17,33,8,3,2022,87.39,119.5,5.4,79.5703,9015,5893,19293,55323,55551,5770,54838,54730,54946,5508,79.5703,36200.0,35000.0,35700.0,35300.0,31748.5497,18301.169
2022-08-24,34,8,3,2022,87.96,94.9,5.4,79.5703,8992,6014,19061,54766,54854,5774,55323,54838,54914,5770,79.5703,36200.0,33950.0,34750.0,34600.0,31987.2606,18301.169
2022-08-31,35,8,3,2022,88.41,123.2,5.4,79.5703,8997,5781,18896,54662,54945,5833,54766,55323,54897,5774,79.5703,36200.0,33000.0,33800.0,33300.0,31668.9794,18301.169
2022-09-07,36,9,3,2022,88.77,140.1,5.4,80.1416,9140,5903,18418,54647,54547,5293,54662,54766,54849,5833,79.5703,36200.0,32700.0,33500.0,32400.0,29812.675199999998,18432.568
2022-09-14,37,9,3,2022,88.0,129.8,5.4,80.1416,9106,5944,18661,55367,55943,5479,54647,54662,54860,5293,80.1416,36200.0,32700.0,33500.0,32700.0,27889.2768,18753.1344
2022-09-21,38,9,3,2022,89.67,125.1,5.4,80.1416,8799,5599,18921,54933,55103,5224,55367,54647,54902,5479,80.1416,36200.0,31550.0,32350.0,31900.0,27809.1352,18833.275999999998
2022-09-28,39,9,3,2022,87.39,127.7,5.4,80.1416,8594,5825,19051,55137,55400,6059,54933,55367,55021,5224,80.1416,36200.0,31300.0,32100.0,31750.0,29652.392,18833.275999999998
2022-10-05,40,10,4,2022,87.69,316.2,5.4,82.2853,8704,6011,18117,55307,55346,4588,55137,54933,55186,6059,80.1416,36200.0,31525.0,32350.0,31825.0,30692.416900000004,19337.0455
2022-10-12,41,10,4,2022,88.51,299.3,5.4,82.2853,9081,5655,19009,54604,54463,4423,55307,55137,54995,4588,82.2853,36200.0,32050.0,32800.0,31600.0,30610.1316,17362.1983
2022-10-19,42,10,4,2022,87.86,225.6,5.4,82.2853,8683,5777,18589,54910,55100,4714,54604,55307,54989,4423,82.2853,36200.0,31950.0,32800.0,31300.0,30116.419800000003,16045.633500000002
2022-10-26,43,10,4,2022,87.43,206.8,5.4,82.2853,9038,5889,18826,55082,55305,5068,54910,54604,54975,4714,82.2853,36200.0,32300.0,33050.0,32000.0,29622.708000000002,16045.633500000002
2022-11-02,44,11,4,2022,89.8,311.2,5.4,81.6117,8927,6317,18416,55112,55282,3822,55082,54910,54927,5068,82.2853,36200.0,31500.0,32400.0,31000.0,28972.1535,15881.63682
2022-11-09,45,11,4,2022,89.47,356.0,5.4,81.6117,9209,5996,18507,53576,54287,4239,55112,55082,54670,3822,81.6117,36200.0,30350.0,31100.0,30200.0,28564.095,15163.453860000001
2022-11-16,46,11,4,2022,87.07,281.0,5.4,81.6117,8753,5754,18180,54653,54851,4494,53576,55112,54605,4239,81.6117,36200.0,28500.0,29250.0,28500.0,27584.7546,13629.1539
2022-11-23,47,11,4,2022,89.66,338.0,5.4,81.6117,8268,5588,18464,54777,54820,4097,54653,53576,54529,4494,81.6117,36200.0,28800.0,29600.0,28600.0,27911.201399999998,13629.1539
2022-11-30,48,11,4,2022,89.91,372.9,5.4,81.6117,9120,5757,18788,53850,54308,4524,54777,54653,54214,4097,81.6117,36200.0,29950.0,30750.0,29700.0,29788.2705,13724.639588999999
2022-12-07,49,12,4,2022,88.2,106.0,5.4,82.4048,8703,5802,18687,53808,54082,5411,53850,54777,54272,4524,81.6117,36200.0,30150.0,30800.0,30500.0,31478.633599999997,14008.815999999999
2022-12-14,50,12,4,2022,90.15,196.5,5.4,82.4048,8651,5949,18523,55523,56374,4816,53808,53850,54489,5411,82.4048,36200.0,29700.0,30500.0,30400.0,31890.6576,14008.815999999999
2022-12-21,51,12,4,2022,88.03,226.4,5.4,82.4048,8943,5690,18070,54076,54378,4996,55523,53808,54314,4816,82.4048,36200.0,28900.0,29700.0,30200.0,31561.038399999998,14008.815999999999
2022-12-28,52,12,4,2022,88.89,215.3,5.4,82.4048,8564,5882,18167,53701,53771,4937,54076,55523,54277,4996,82.4048,36200.0,30550.0,31200.0,32050.0,31725.847999999998,14008.815999999999
2023-01-04,1,1,1,2023,89.24,7.3,6.5,81.7565,8399,5908,18036,53675,54095,5654,53701,54076,54243,4937,82.4048,36200.0,30500.0,31200.0,32200.0,32866.113,13830.747104999999
2023-01-11,2,1,1,2023,89.84,17.9,6.5,81.7565,8521,5692,18225,53928,54345,5813,53675,53701,53845,5654,81.7565,36200.0,30150.0,31000.0,31850.0,34174.217000000004,13489.8225
2023-01-18,3,1,1,2023,89.85,22.5,6.5,81.7565,8687,5831,18339,53135,52559,5523,53928,53675,53609,5813,81.7565,36200.0,31100.0,31900.0,32350.0,33356.652,13489.8225
2023-01-25,4,1,1,2023,89.8,19.1,6.5,81.7565,8470,5644,17752,53771,54148,5459,53135,53928,53627,5523,81.7565,36200.0,30000.0,30700.0,32000.0,33520.165,13489.8225
2023-02-01,5,2,1,2023,89.02,11.4,6.5,82.5914,8892,5689,17868,52749,52635,5735,53771,53135,53395,5459,81.7565,36200.0,30400.0,31100.0,32200.0,34853.570799999994,13008.145499999999
2023-02-08,6,2,1,2023,91.02,36.4,6.5,82.5914,8311,5442,18189,53291,53589,5011,52749,53771,53236,5735,82.5914,36200.0,29550.0,30300.0,31550.0,35266.527799999996,11438.908899999999
2023-02-15,7,2,1,2023,90.41,37.8,6.5,82.5914,8327,5663,18187,53233,53589,5342,53291,52749,53261,5011,82.5914,36200.0,29500.0,30200.0,31400.0,34688.388,10654.290599999998
2023-02-22,8,2,1,2023,89.53,8.3,6.5,82.5914,8186,5771,17562,53597,54030,5474,53233,53291,53217,5342,82.5914,36200.0,30000.0,30800.0,32050.0,35762.076199999996,10598.954362
2023-03-01,9,3,1,2023,89.59,13.1,6.5,82.2509,8825,5715,17800,52748,52765,5157,53597,53233,53217,5474,82.5914,36200.0,30300.0,31000.0,31900.0,37177.4068,10659.71664
2023-03-08,10,3,1,2023,91.25,5.0,6.5,82.2509,8767,5577,18085,52681,53481,5579,52748,53597,53064,5157,82.2509,36200.0,30400.0,31033.333333333332,32183.333333333332,37643.495233333335,10898.24425
2023-03-15,11,3,1,2023,90.72,23.0,6.5,82.2509,8338,5751,18039,52473,52444,5715,52681,52748,52874,5579,82.2509,36200.0,29950.0,30700.0,31500.0,38082.1667,10500.972403
2023-03-22,12,3,1,2023,89.57,33.1,6.5,82.2509,8200,5497,17595,51450,51036,5455,52473,52681,52338,5715,82.2509,36200.0,29550.0,30400.0,30900.0,37259.6577,10544.56538
2023-03-29,13,3,1,2023,90.06,18.7,6.5,82.2509,7999,5537,17914,52150,52571,5278,51450,52473,52188,5455,82.2509,36200.0,29650.0,30500.0,30250.0,36437.1487,10569.24065
2023-04-05,14,4,2,2023,91.28,15.3,6.5,81.9538,8628,5353,17693,53004,53001,5440,52150,51450,52269,5278,82.2509,36200.0,30950.0,31700.0,30550.0,35895.7644,10670.384759999999
2023-04-12,15,4,2,2023,88.97,20.0,6.5,81.9538,8443,5647,17319,51877,51762,5511,53004,52150,52120,5440,81.9538,36200.0,30800.0,31500.0,30000.0,35731.8568,10544.995445999999
2023-04-19,16,4,2,2023,89.93,20.6,6.5,81.9538,8427,5467,17941,52232,52711,5273,51877,53004,52315,5511,81.9538,36200.0,31100.0,31800.0,30350.0,35076.2264,10358.96032
2023-04-26,17,4,2,2023,91.29,38.4,6.5,81.9538,8203,5555,17375,51606,51577,5160,52232,51877,52179,5273,81.9538,36200.0,30250.0,31100.0,29650.0,33601.058,10326.1788
2023-05-03,18,5,2,2023,89.82,5.6,6.5,82.2856,8503,5536,17409,51852,52220,5310,51606,52232,51891,5160,81.9538,36200.0,29000.0,29700.0,28200.0,32667.3832,10121.1288
2023-05-10,19,5,2,2023,92.16,14.0,6.5,82.2856,8248,5494,17005,51484,51667,5154,51852,51606,51793,5310,82.2856,36200.0,28800.0,29500.0,29000.0,30692.5288,9627.4152
2023-05-17,20,5,2,2023,90.07,5.2,6.5,82.2856,7985,5530,17240,51203,51154,5438,51484,51852,51536,5154,82.2856,36200.0,28950.0,29650.0,29950.0,30857.100000000002,8639.988
2023-05-24,21,5,2,2023,89.94,23.6,6.5,82.2856,8025,5585,17150,51597,51367,5619,51203,51484,51534,5438,82.2856,36200.0,28350.0,29100.0,28000.0,30857.100000000002,8393.1312
2023-05-31,22,5,2,2023,90.07,32.3,6.5,82.2856,8245,5448,16850,50981,50516,5753,51597,51203,51316,5619,82.2856,36200.0,27700.0,28550.0,27750.0,31679.956000000002,8228.56
2023-06-07,23,6,2,2023,91.25,34.4,6.5,82.196,7901,5535,17371,51648,52412,5831,50981,51597,51357,5753,82.2856,36200.0,27500.0,28300.0,28500.0,32056.44,8028.08332
2023-06-14,24,6,2,2023,90.97,37.0,6.5,82.196,8268,5468,17052,51395,51961,5426,51648,50981,51405,5831,82.196,36200.0,27950.0,28700.0,28250.0,31809.852,7973.012
2023-06-21,25,6,2,2023,90.76,17.7,6.5,82.196,7956,5520,17433,50786,51128,5331,51395,51648,51202,5426,82.196,36200.0,27700.0,28400.0,27300.0,31234.48,7973.012
2023-06-28,26,6,2,2023,91.55,23.5,6.5,82.196,8038,5387,17099,50676,51024,5567,50786,51395,51126,5331,82.196,36200.0,26500.0,27450.0,27050.0,31234.48,7973.012
2023-07-05,27,7,3,2023,90.9,33.8,6.5,82.1877,8014,5571,17430,51448,51873,5139,50676,50786,51076,5567,82.196,36200.0,25950.0,26650.0,26700.0,30902.575200000003,8366.70786
2023-07-12,28,7,3,2023,91.84,31.3,6.5,82.1877,8044,5502,17137,51280,51613,5388,51448,50676,51047,5139,82.1877,36200.0,25900.0,26600.0,26500.0,30573.8244,8424.23925
2023-07-19,29,7,3,2023,92.24,16.7,6.5,82.1877,8205,5274,17054,50627,51209,5697,51280,51448,51007,5388,82.1877,36200.0,26600.0,27300.0,26050.0,29587.572000000004,8300.9577
2023-07-26,30,7,3,2023,92.09,29.4,6.5,82.1877,7822,5369,17030,50648,50873,5329,50627,51280,51000,5697,82.1877,36200.0,25750.0,26450.0,26400.0,28601.319600000003,7341.827241000001
2023-08-02,31,8,3,2023,91.02,141.8,6.5,82.8333,7945,5276,16850,50746,51268,5370,50648,50627,50825,5329,82.1877,36200.0,27950.0,28700.0,28650.0,28825.9884,7896.498489
2023-08-09,32,8,3,2023,92.69,84.2,6.5,82.8333,7793,5114,16921,51387,51160,5423,50746,50648,50852,5370,82.8333,36200.0,28300.0,29000.0,28700.0,29157.3216,8144.998388999999
2023-08-16,33,8,3,2023,92.18,125.9,6.5,82.8333,7961,5346,17236,51170,51152,5464,51387,50746,50987,5423,82.8333,36200.0,28550.0,29250.0,28600.0,30482.6544,8631.22986
2023-08-23,34,8,3,2023,92.8,104.1,6.5,82.8333,7856,5574,17222,51004,51192,6029,51170,51387,51076,5464,82.8333,36200.0,29600.0,30200.0,29450.0,30648.320999999996,8863.1631
2023-08-30,35,8,3,2023,93.0,102.1,6.5,82.8333,8082,5473,16975,50382,50963,5474,51004,51170,50985,6029,82.8333,36200.0,31050.0,31800.0,31700.0,30979.654199999997,9161.362979999998
2023-09-06,36,9,3,2023,91.99,143.0,6.5,83.0117,8141,5367,16977,50365,50902,5617,50382,51004,50730,5474,82.8333,36200.0,31050.0,31750.0,31050.0,31046.3758,9380.322100000001
2023-09-13,37,9,3,2023,93.01,103.8,6.5,83.0117,8437,5431,16652,51099,51105,5569,50365,50382,50712,5617,83.0117,36200.0,29850.0,30550.0,30450.0,31295.410900000003,9504.83965
2023-09-20,38,9,3,2023,91.9,148.2,6.5,83.0117,7950,5465,16866,51414,51526,5473,51099,50365,50815,5569,83.0117,36200.0,30650.0,31350.0,31500.0,31129.3875,9934.010139
2023-09-27,39,9,3,2023,93.02,127.9,6.5,83.0117,8315,5549,16856,49651,49687,5537,51414,51099,50632,5473,83.0117,36200.0,29000.0,29700.0,30550.0,31046.3758,9809.492589000001
2023-10-04,40,10,4,2023,91.34,344.8,6.5,83.2323,7936,5492,16659,50151,50300,4625,49651,51414,50578,5537,83.0117,36200.0,28950.0,29650.0,30450.0,30795.950999999997,10237.5729
2023-10-11,41,10,4,2023,93.26,447.6,6.5,83.2323,7912,5687,17293,51152,51439,4217,50151,49651,50592,4625,83.2323,36200.0,29100.0,29800.0,29650.0,30546.2541,10445.65365
2023-10-18,42,10,4,2023,92.83,257.9,6.5,83.2323,8177,5542,16950,50764,51088,4693,51152,50151,50429,4217,83.2323,36200.0,28450.0,29150.0,28600.0,29963.627999999997,10820.198999999999
2023-10-25,43,10,4,2023,91.55,216.9,6.5,83.2323,8260,5110,16978,50510,50759,5132,50764,51152,50644,4693,83.2323,36200.0,28250.0,28950.0,27550.0,29214.5373,10820.198999999999
2023-11-01,44,11,4,2023,93.24,211.1,6.5,83.268,8280,5395,17214,51236,52032,4930,50510,50764,50915,5132,83.2323,36200.0,28400.0,29100.0,27800.0,30226.284,10824.84
2023-11-08,45,11,4,2023,92.63,423.5,6.5,83.268,8171,5535,16803,50407,50476,4133,51236,50510,50729,4930,83.268,36200.0,27500.0,28200.0,27000.0,30975.696,10325.232
2023-11-15,46,11,4,2023,94.83,382.1,6.5,83.268,8105,5354,17220,51405,52209,4440,50407,51236,50889,4133,83.268,36200.0,28100.0,28800.0,27600.0,31641.84,9858.9312
2023-11-22,47,11,4,2023,93.38,379.2,6.5,83.268,8439,5156,16501,50809,50766,4509,51405,50407,50964,4440,83.268,36200.0,27750.0,28400.0,27500.0,32307.984,9548.34156
2023-11-29,48,11,4,2023,95.15,393.3,6.5,83.268,7996,5404,16944,51768,51796,4099,50809,51405,51097,4509,83.268,36200.0,27400.0,28200.0,26700.0,32641.056,9270.22644
2023-12-06,49,12,4,2023,93.98,213.6,6.5,83.2456,7932,5312,16609,51027,51331,4883,51768,50809,51252,4099,83.268,36200.0,27800.0,28500.0,26900.0,34380.432799999995,9157.016
2023-12-13,50,12,4,2023,92.79,111.3,6.5,83.2456,7988,5077,17447,51692,52789,5510,51027,51768,51324,4883,83.2456,36200.0,28700.0,29400.0,27600.0,35545.8712,9057.12128
2023-12-20,51,12,4,2023,93.8,163.5,6.5,83.2456,7870,5402,17352,51182,51325,5491,51692,51027,51417,5510,83.2456,36200.0,28000.0,29000.0,27000.0,35296.134399999995,8990.5248
2023-12-27,52,12,4,2023,93.84,158.6,6.5,83.2456,8008,5593,17037,51006,51303,5186,51182,51692,51226,5491,83.2456,36200.0,27000.0,27700.0,26550.0,34963.152,9040.47216
2024-01-03,1,1,1,2024,94.42,21.8,6.5,83.1103,8480,5549,17232,51229,50541,5477,51006,51182,51277,5186,83.2456,36200.0,27300.0,28000.0,27200.0,34241.4436,8892.802099999999
2024-01-10,2,1,1,2024,92.56,25.4,6.5,83.1103,7852,5559,17054,51561,51875,5609,51229,51006,51244,5477,83.1103,36200.0,26800.0,27500.0,26950.0,35321.877499999995,8726.5815
2024-01-17,3,1,1,2024,93.69,6.5,6.5,83.1103,8548,5491,17409,51077,51206,5923,51561,51229,51218,5609,83.1103,36200.0,26450.0,27300.0,26500.0,35321.877499999995,8213.790949
2024-01-24,4,1,1,2024,93.52,37.9,6.5,83.1103,7903,5318,17540,52261,52707,5290,51077,51561,51532,5923,83.1103,36200.0,26400.0,27100.0,26300.0,34823.2157,8061.6991
2024-01-31,5,1,1,2024,94.25,25.8,6.5,83.1103,8451,5677,17237,51875,52534,5678,52261,51077,51693,5290,83.1103,36200.0,26650.0,27350.0,26500.0,34906.326,8061.6991
2024-02-07,6,2,1,2024,94.31,18.3,6.5,82.9735,7707,5472,17532,51069,51108,5740,51875,52261,51570,5678,83.1103,36200.0,26200.0,27000.0,26150.0,34765.8965,8048.4295
2024-02-14,7,2,1,2024,94.49,39.8,6.5,82.9735,8631,5430,17270,51496,51299,5469,51069,51875,51675,5740,82.9735,36200.0,25950.0,27000.0,26000.0,34682.923,7909.863755
2024-02-21,8,2,1,2024,94.85,15.3,6.5,82.9735,8165,5565,17452,51794,52612,5722,51496,51069,51558,5469,82.9735,36200.0,26700.0,27400.0,26400.0,34268.0555,7882.4825
2024-02-28,9,2,1,2024,94.26,13.5,6.5,82.9735,8369,5814,17641,51971,52111,5460,51794,51496,51582,5722,82.9735,36200.0,26600.0,27350.0,26100.0,33438.3205,8145.508495
2024-03-06,10,3,1,2024,95.11,39.3,6.5,83.0357,8339,5648,17833,52688,53001,5560,51971,51794,51987,5460,82.9735,36200.0,26550.0,27400.0,26650.0,31802.673100000004,8303.57
2024-03-13,11,3,1,2024,94.26,19.5,6.5,83.0357,8314,5643,17534,52639,52669,5640,52688,51971,52273,5560,83.0357,36200.0,26400.0,27200.0,26600.0,31304.4589,8303.57
2024-03-20,12,3,1,2024,94.32,26.6,6.5,83.0357,8721,5472,17731,53062,53245,5405,52639,52688,52590,5640,83.0357,36200.0,25600.0,26400.0,26500.0,31553.566000000003,8469.6414
2024-03-27,13,3,1,2024,95.01,5.4,6.5,83.0357,8655,5921,17933,52808,52769,5466,53062,52639,52799,5405,83.0357,36200.0,25900.0,26600.0,26950.0,32383.923000000003,8469.6414
2024-04-03,14,4,2,2024,94.97,25.1,6.5,83.4062,8459,5784,18076,53800,54118,5610,52808,53062,53077,5466,83.0357,36200.0,26500.0,27400.0,28350.0,32528.417999999998,8607.51984
2024-04-10,15,4,2,2024,94.11,9.1,6.5,83.4062,8596,5915,18300,53340,53543,5394,53800,52808,53252,5610,83.4062,36200.0,26750.0,27500.0,28700.0,32027.980799999998,8757.651
2024-04-17,16,4,2,2024,96.77,17.6,6.5,83.4062,8724,5967,17975,53423,54032,5166,53340,53800,53342,5394,83.4062,36200.0,28050.0,28800.0,30100.0,31861.1684,8957.82588
2024-04-24,17,4,2,2024,94.29,15.4,6.5,83.4062,8506,5534,18569,54207,53997,5199,53423,53340,53692,5166,83.4062,36200.0,27500.0,28300.0,28850.0,32194.7932,9132.9789
2024-05-01,18,5,2,2024,93.93,10.6,6.5,83.3535,8773,5869,17959,53693,54092,5716,54207,53423,53665,5199,83.4062,36200.0,28000.0,28800.0,29500.0,32091.0975,9585.6525
2024-05-08,19,5,2,2024,96.14,17.3,6.5,83.3535,8848,5877,18443,54732,54761,5419,53693,54207,54013,5716,83.3535,36200.0,29100.0,29800.0,30250.0,31924.390499999998,9585.6525
2024-05-15,20,5,2,2024,95.74,37.7,6.5,83.3535,8551,5509,18707,55207,55348,5540,54732,53693,54459,5419,83.3535,36200.0,28000.0,28800.0,29150.0,31590.976499999997,9452.286900000001
2024-05-22,21,5,2,2024,95.72,32.1,6.5,83.3535,8475,5859,18848,55207,55283,5320,55207,54732,54709,5540,83.3535,36200.0,27850.0,28800.0,29350.0,31674.329999999998,9268.9092
2024-05-29,22,5,2,2024,94.98,36.8,6.5,83.3535,8812,5761,18434,54626,55480,5026,55207,55207,54943,5320,83.3535,36200.0,27800.0,28600.0,28500.0,31507.623,9168.885
2024-06-05,23,6,2,2024,94.45,7.6,6.5,83.4805,8602,5556,18277,54990,55471,5288,54626,55207,55007,5026,83.3535,36200.0,28450.0,29250.0,28050.0,31639.109500000002,9433.2965
2024-06-12,24,6,2,2024,95.48,18.0,6.5,83.4805,8907,6000,18241,55637,56097,5153,54990,54626,55115,5288,83.4805,36200.0,27300.0,28100.0,27200.0,32056.512000000002,9516.777
2024-06-19,25,6,2,2024,95.7,16.9,6.5,83.4805,8803,5877,18597,55593,56162,5379,55637,54990,55211,5153,83.4805,36200.0,26700.0,27400.0,26100.0,32223.473,9516.777
2024-06-26,26,6,2,2024,95.83,9.6,6.5,83.4805,9102,5924,18328,56406,56600,5521,55593,55637,55656,5379,83.4805,36200.0,26000.0,26850.0,25000.0,32473.914500000003,9516.777
2024-07-03,27,7,3,2024,95.98,35.4,6.5,83.5928,9122,6073,18676,56728,56742,5310,56406,55593,56091,5521,83.4805,36200.0,26600.0,27200.0,26000.0,32601.192,9195.208
2024-07-10,28,7,3,2024,96.98,6.3,6.5,83.5928,9403,5999,18504,56822,57019,5044,56728,56406,56387,5310,83.5928,36200.0,26100.0,26800.0,25400.0,32601.192,9094.896639999999
2024-07-17,29,7,3,2024,95.19,12.0,6.5,83.5928,9273,6082,19129,57338,57359,5219,56822,56728,56823,5044,83.5928,36200.0,26350.0,27200.0,25900.0,32851.9704,9128.33376
2024-07-24,30,7,3,2024,94.63,22.4,6.5,83.5928,9170,5854,19411,56633,56800,5366,57338,56822,56880,5219,83.5928,36200.0,25800.0,26500.0,25050.0,32601.192,9211.92656
2024-07-31,31,7,3,2024,95.94,38.4,6.5,83.5928,8982,6189,19182,56917,57340,5328,56633,57338,56927,5366,83.5928,36200.0,26350.0,27200.0,25250.0,32517.5992,9295.51936
2024-08-07,32,8,3,2024,94.99,81.2,6.5,83.8799,8943,6044,19676,57808,58592,5192,56917,56633,57174,5328,83.5928,36200.0,25700.0,26500.0,24350.0,32461.521300000004,9226.789
2024-08-14,33,8,3,2024,94.22,133.4,6.5,83.8799,9297,5973,19317,58482,58875,5216,57808,56917,57460,5192,83.8799,36200.0,26000.0,26600.0,24400.0,31371.0826,9289.698925
2024-08-21,34,8,3,2024,97.71,100.3,6.5,83.8799,9499,6101,19652,57687,58306,5472,58482,57808,57723,5216,83.8799,36200.0,26050.0,26700.0,25250.0,30448.403700000003,9310.6689
2024-08-28,35,8,3,2024,96.72,119.4,6.5,83.8799,9455,6297,19345,58153,58745,5328,57687,58482,58032,5472,83.8799,36200.0,25800.0,26500.0,24700.0,30448.403700000003,9226.789
2024-09-04,36,9,3,2024,96.16,85.8,6.5,83.8024,9294,5994,19734,58716,59199,5035,58153,57687,58259,5328,83.8799,36200.0,25500.0,26200.0,24800.0,30587.876000000004,9126.081360000002
2024-09-11,37,9,3,2024,96.43,124.4,6.5,83.8024,9252,6345,19972,58755,59201,5014,58716,58153,58327,5035,83.8024,36200.0,25050.0,25900.0,24800.0,31006.888000000003,8757.3508
2024-09-18,38,9,3,2024,98.22,104.4,6.5,83.8024,9640,6214,19949,58157,57851,5364,58755,58716,58445,5014,83.8024,36200.0,25000.0,25700.0,25200.0,31006.888000000003,8631.647200000001
2024-09-25,39,9,3,2024,97.81,119.1,6.5,83.8024,9503,6582,20216,59096,59327,5383,58157,58755,58681,5364,83.8024,36200.0,26100.0,26800.0,27200.0,30839.2832,8631.647200000001
2024-10-02,40,10,4,2024,97.71,401.5,6.5,84.0287,9137,6439,20087,59439,59512,4160,59096,58157,58861,5383,83.8024,36200.0,27400.0,28150.0,28375.0,31426.7338,8770.915706
2024-10-09,41,10,4,2024,97.34,438.8,6.5,84.0287,9849,6408,20163,59727,60499,3866,59439,59096,59104,4160,84.0287,36200.0,27750.0,28600.0,28500.0,32435.0782,8932.25081
2024-10-16,42,10,4,2024,96.31,355.8,6.5,84.0287,9137,6511,20276,59734,59924,4150,59727,59439,59499,3866,84.0287,36200.0,27200.0,28000.0,27850.0,31510.7625,8907.0422
2024-10-23,43,10,4,2024,97.15,217.3,6.5,84.0287,9470,6339,20629,60332,61122,4543,59734,59727,59808,4150,84.0287,36200.0,26200.0,27100.0,26300.0,31258.6764,8789.40202
2024-10-30,44,10,4,2024,96.57,304.4,6.5,84.0287,9588,6518,20515,59800,59470,4178,60332,59734,59898,4543,84.0287,36200.0,26000.0,26800.0,26000.0,30418.3894,8738.9848
2024-11-06,45,11,4,2024,99.04,266.5,6.5,84.3847,9835,6446,20626,60671,61164,4101,59800,60332,60134,4178,84.0287,36200.0,26400.0,27100.0,26250.0,30800.4155,8776.0088
2024-11-13,46,11,4,2024,96.66,394.6,6.5,84.3847,9648,6421,20652,61060,61567,4042,60671,59800,60465,4101,84.3847,36200.0,26550.0,27400.0,26050.0,30631.646099999998,8792.88574
2024-11-20,47,11,4,2024,96.54,400.8,6.5,84.3847,9660,6571,20986,61546,61847,3769,61060,60671,60769,4042,84.3847,36200.0,25700.0,26600.0,25200.0,29787.799099999997,8725.37798
2024-11-27,48,11,4,2024,96.36,349.9,6.5,84.3847,9835,6542,20191,61994,62174,4205,61546,61060,61317,3769,84.3847,36200.0,25350.0,26200.0,24500.0,28775.182699999998,8750.69339
2024-12-04,49,12,4,2024,98.39,168.7,6.5,84.971,10114,6792,20711,61963,62419,4514,61994,61546,61640,4205,84.3847,36200.0,25100.0,25800.0,24600.0,28720.198,8769.0072
2024-12-11,50,12,4,2024,96.5,123.2,6.5,84.971,9859,6664,20969,62679,63436,4900,61963,61994,62045,4514,84.971,36200.0,25000.0,26000.0,24200.0,29314.995000000003,8650.0478
2024-12-18,51,12,4,2024,98.4,151.6,6.5,84.971,10391,6696,21078,62597,62742,4679,62679,61963,62308,4900,84.971,36200.0,26000.0,26600.0,25150.0,29994.763000000003,8582.071
2024-12-25,52,12,4,2024,98.23,175.1,6.5,84.971,10062,6646,20758,62358,62554,4520,62597,62679,62399,4679,84.971,36200.0,25875.0,26700.0,24575.0,29697.3645,8369.6435
2025-01-01,1,1,1,2025,97.92,24.9,6.5,86.2297,9948,6893,21605,63752,64077,4850,62358,62597,62846,4520,84.971,36200.0,25550.0,26300.0,24750.0,29835.476199999997,8441.88763
2025-01-08,2,1,1,2025,100.16,6.2,6.5,86.2297,10002,6445,21345,64047,64171,4711,63752,62358,63188,4850,86.2297,36200.0,25000.0,25900.0,24300.0,29576.787099999998,8398.77278
2025-01-15,3,1,1,2025,97.81,28.0,6.5,86.2297,9994,6473,21245,64655,65211,5091,64047,63752,63703,4711,86.2297,36200.0,24850.0,25600.0,24300.0,29059.4089,8062.476949999999
2025-01-22,4,1,1,2025,98.73,15.4,6.5,86.2297,10299,6599,21815,64348,65024,4923,64655,64047,64200,5091,86.2297,36200.0,24500.0,25300.0,24050.0,28973.1792,8019.362099999999
2025-01-29,5,1,1,2025,97.43,25.8,6.5,86.2297,10146,6805,21783,64709,65190,5074,64348,64655,64439,4923,86.2297,36200.0,25900.0,26600.0,24900.0,29576.787099999998,7881.39458
2025-02-05,6,2,1,2025,97.86,26.3,6.5,86.9607,10208,6529,21251,65420,65765,5030,64709,64348,64783,5074,86.2297,36200.0,25000.0,25900.0,24500.0,30436.245000000003,8069.95296
2025-02-12,7,2,1,2025,99.19,21.7,6.5,86.9607,10150,6692,21148,65226,65625,5098,65420,64709,64925,5030,86.9607,36200.0,25700.0,26500.0,25000.0,31131.9306,8156.91366
2025-02-19,8,2,1,2025,98.05,28.2,6.5,86.9607,10678,6978,21555,64787,64471,4981,65226,65420,65035,5098,86.9607,36200.0,25600.0,26200.0,24500.0,31044.9699,7965.60012
2025-02-26,9,2,1,2025,98.73,25.8,6.5,86.9607,9965,6979,22065,65421,65408,5029,64787,65226,65213,4981,86.9607,36200.0,25750.0,26650.0,25000.0,31566.7341,7913.4237
2025-03-05,10,3,1,2025,99.39,34.0,6.5,86.6193,10314,6701,22128,66053,65801,4821,65421,64787,65371,5029,86.9607,36200.0,26350.0,27200.0,25400.0,31789.283099999997,7839.046649999999
2025-03-12,11,3,1,2025,98.99,16.7,6.5,86.6193,10493,7049,22076,65906,66498,5221,66053,65421,65541,4821,86.6193,36200.0,26200.0,27000.0,25050.0,32482.2375,7795.736999999999
2025-03-19,12,3,1,2025,98.67,14.9,6.5,86.6193,10512,7197,22266,66340,66218,4868,65906,66053,65930,5221,86.6193,36200.0,26550.0,27200.0,25800.0,33001.9533,7778.41314
2025-03-26,13,3,1,2025,99.13,15.1,6.5,86.6193,10487,7309,22075,66745,67052,5149,66340,65906,66261,4868,86.6193,36200.0,27000.0,27700.0,26200.0,33175.1919,7743.76542
2025-04-02,14,4,2,2025,97.48,20.8,6.5,85.602,10661,7033,22489,66275,67038,4981,66745,66340,66316,5149,86.6193,36200.0,27200.0,27300.0,26400.0,32443.158000000003,7652.818800000001
2025-04-09,15,4,2,2025,99.03,36.7,6.5,85.602,10589,7070,22466,66398,66910,5083,66275,66745,66439,4981,85.602,36200.0,27000.0,27500.0,26200.0,32186.352000000003,7678.499400000001
2025-04-16,16,4,2,2025,100.19,12.3,6.5,85.602,10527,7030,22081,66382,66669,5234,66398,66275,66450,5083,85.602,36200.0,26950.0,27700.0,25800.0,30131.904000000002,7635.6984
2025-04-23,17,4,2,2025,100.83,39.0,6.5,85.602,10387,7319,22353,66734,66770,4805,66382,66398,66447,5234,85.602,36200.0,26750.0,27600.0,25450.0,27820.65,7618.578
2025-04-30,18,4,2,2025,100.06,10.0,6.5,85.602,10689,7160,22444,66740,66798,5107,66734,66382,66563,4805,85.602,36200.0,26200.0,27000.0,24150.0,28077.456000000002,7601.4576
2025-05-07,19,5,2,2025,99.71,22.7,6.5,85.1975,10427,6956,22692,67039,67363,4837,66740,66734,66723,5107,85.602,36200.0,25800.0,26500.0,24250.0,28796.755,7420.70225
2025-05-14,20,5,2,2025,99.81,24.6,6.5,85.1975,10265,7241,22290,66812,67184,5005,67039,66740,66831,4837,85.1975,36200.0,25700.0,26400.0,24200.0,29307.940000000002,7369.583750000001
2025-05-21,21,5,2,2025,99.15,8.7,6.5,85.1975,10887,7037,22559,67080,67282,4879,66812,67039,66917,5005,85.1975,36200.0,25400.0,26100.0,24400.0,29563.5325,7326.985000000001
2025-05-28,22,5,2,2025,100.61,9.9,6.5,85.1975,10663,7233,22768,66407,66350,4996,67080,66812,66834,4879,85.1975,36200.0,24800.0,25800.0,23950.0,29563.5325,7284.3862500000005
2025-06-04,23,6,2,2025,100.65,26.2,6.5,85.9257,10639,6966,22545,67512,67271,4686,66407,67080,66952,4996,85.1975,36200.0,24750.0,25500.0,23550.0,29386.5894,7131.833100000001
2025-06-11,24,6,2,2025,99.58,31.8,6.5,85.9257,10717,7154,22943,67383,67527,5021,67512,66407,67095,4686,85.9257,36200.0,24400.0,25000.0,23100.0,29214.738,6977.166840000001
2025-06-18,25,6,2,2025,98.85,14.0,6.5,85.9257,10747,7550,22944,67569,67612,4747,67383,67512,67217,5021,85.9257,36200.0,24400.0,25000.0,22700.0,28956.960900000002,6891.241140000001
2025-06-25,26,6,2,2025,100.53,6.7,6.5,85.9257,10728,7015,22642,67780,68403,4970,67569,67383,67561,4747,85.9257,36200.0,24400.0,24900.0,22400.0,29644.366500000004,6822.500580000001
2025-07-02,27,7,3,2025,101.27,12.5,6.5,86.0678,10772,7241,22814,67940,68634,4900,67780,67569,67668,4970,85.9257,36200.0,24400.0,24900.0,22550.0,29693.391000000003,6894.03078
2025-07-09,28,7,3,2025,99.99,15.4,6.5,86.0678,10872,7391,22903,68524,68175,4823,67940,67780,67953,4900,86.0678,36200.0,24900.0,25500.0,23700.0,29865.5266,6954.278240000001
2025-07-16,29,7,3,2025,100.64,14.6,6.5,86.0678,10811,7190,22875,68370,68667,5034,68524,67940,68153,4823,86.0678,36200.0,24600.0,25400.0,23500.0,29693.391000000003,7221.088420000001
2025-07-23,30,7,3,2025,100.84,9.0,6.5,86.0678,10957,7396,22639,68186,69209,5099,68370,68524,68255,5034,86.0678,36200.0,24800.0,25500.0,24250.0,29865.5266,7358.7969
2025-07-30,31,7,3,2025,101.39,35.2,6.5,86.0678,11363,7312,22738,67956,68640,5167,68186,68370,68259,5099,86.0678,36200.0,25050.0,25800.0,24800.0,29779.4588,7419.044360000001
2025-08-06,32,8,3,2025,101.09,80.5,6.5,87.5163,11072,7156,23398,68143,68275,4387,67956,68186,68163,5167,86.0678,36200.0,25200.0,25900.0,24700.0,30280.6398,7543.90506
2025-08-13,33,8,3,2025,100.02,127.3,6.5,87.5163,10978,7136,22864,68972,69524,5057,68143,67956,68314,4387,87.5163,36200.0,25000.0,25700.0,24300.0,30368.1561,7613.9181
2025-08-20,34,8,3,2025,101.53,126.5,6.5,87.5163,10912,7290,23124,69792,70095,4842,68972,68143,68715,5057,87.5163,36200.0,25200.0,26000.0,24200.0,30368.1561,7745.19255
2025-08-27,35,8,3,2025,100.69,97.3,6.5,87.5163,10973,6995,22875,68548,68875,4854,69792,68972,68863,4842,87.5163,36200.0,24900.0,25500.0,23350.0,30368.1561,7788.9507
2025-09-03,36,9,3,2025,101.04,87.0,6.5,88.2715,11064,7075,22525,69711,70497,5170,68548,69792,69255,4854,87.5163,36200.0,24800.0,25300.0,23200.0,30365.396,7856.163500000001
2025-09-10,37,9,3,2025,101.81,108.2,6.5,88.2715,10998,7300,23542,69283,69282,5124,69711,68548,69333,5170,88.2715,36200.0,25500.0,26100.0,24100.0,30188.853000000003,7767.892
2025-09-17,38,9,3,2025,99.71,86.2,6.5,88.2715,11148,7090,22820,69084,69677,5145,69283,69711,69156,5124,88.2715,36200.0,25200.0,25700.0,24200.0,29659.224000000002,7591.349
2025-09-24,39,9,3,2025,101.96,81.1,6.5,88.2715,11131,7237,23058,70025,70064,4729,69084,69283,69525,5145,88.2715,36200.0,25100.0,25800.0,24700.0,29570.9525,7591.349
2025-10-01,40,10,4,2025,100.49,441.0,6.5,88.3705,10874,7092,22820,69724,70130,3579,70025,69084,69529,4729,88.2715,36200.0,25000.0,25600.0,24100.0,30576.193000000003,7589.25854
2025-10-08,41,10,4,2025,100.97,204.4,6.5,88.3705,10819,7463,22930,69208,69428,3834,69724,70025,69510,3579,88.3705,36200.0,24800.0,25500.0,23250.0,30752.934,7582.1889
2025-10-15,42,10,4,2025,102.49,204.0,6.5,88.3705,11012,7409,23007,69616,69887,4009,69208,69724,69643,3834,88.3705,36200.0,24250.0,25000.0,22700.0,31018.045500000004,7608.70005
2025-10-22,43,10,4,2025,102.56,223.4,6.5,88.3705,11246,7340,22911,69061,70071,4060,69616,69208,69402,4009,88.3705,36200.0,23920.0,24520.0,22140.0,31062.230750000002,7621.9556250000005
2025-10-29,44,10,4,2025,101.03,375.8,6.5,88.3705,10690,7299,23138,69847,69880,3574,69061,69616,69433,4060,88.3705,36200.0,23200.0,23900.0,22550.0,31018.045500000004,7670.5594
2025-11-05,45,11,4,2025,100.95,415.1,6.5,88.8811,10992,7187,23440,70260,71010,3293,69847,69061,69696,3574,88.3705,36200.0,23500.0,24200.0,23050.0,31286.1472,7697.10326
2025-11-12,46,11,4,2025,100.63,416.7,6.5,88.8811,10885,7089,22913,69215,69244,3802,70260,69847,69595,3293,88.8811,36200.0,23300.0,24000.0,22850.0,31552.790500000003,7919.30601
2025-11-19,47,11,4,2025,101.25,215.4,6.5,88.8811,10859,7578,23296,70127,70386,4109,69215,70260,69862,3802,88.8811,36200.0,23800.0,24500.0,23600.0,31641.6716,7999.299
2025-11-26,48,11,4,2025,103.3,349.4,6.5,88.8811,10837,7347,22810,69319,69951,3522,70127,69215,69730,4109,88.8811,36200.0,24000.0,24500.0,23750.0,32263.8393,7981.52278
2025-12-03,49,12,4,2025,102.25,182.9,6.5,89.9974,11187,7224,23056,69900,70171,4012,69319,70127,69640,3522,88.8811,36200.0,24000.0,24700.0,23900.0,32939.0484,8171.763919999999
2025-12-10,50,12,4,2025,101.39,221.2,6.5,89.9974,11080,7309,22783,70099,70435,4131,69900,69319,69861,4012,89.9974,36200.0,23800.0,24500.0,23100.0,33299.038,8333.75924
2025-12-17,51,12,4,2025,102.17,213.6,6.5,89.9974,10885,7379,22900,69840,70076,4075,70099,69900,69789,4131,89.9974,36200.0,23700.0,24400.0,22750.0,33119.0432,8342.75898
2025-12-24,52,12,4,2025,101.29,159.5,6.5,89.9974,10740,7425,22872,69065,69317,4430,69840,70099,69726,4075,89.9974,36200.0,24300.0,25100.0,23250.0,33209.0406,8279.7608
2025-12-31,1,12,4,2025,102.37,172.4,6.5,89.9974,11016,7473,23185,69473,69993,4180,69065,69840,69619,4430,89.9974,36200.0,25000.0,25700.0,23850.0,33299.038,8279.7608
2026-01-07,2,1,1,2026,103.08,14.4,6.5,90.7321,10889,7322,23007,69582,70049,4931,69473,69065,69490,4180,89.9974,36200.0,25500.0,26200.0,24000.0,33480.1449,8274.767520000001
2026-01-14,3,1,1,2026,101.48,26.6,6.5,90.7321,10718,7078,22926,69780,69830,5030,69582,69473,69475,4931,90.7321,36200.0,25300.0,26000.0,24300.0,33843.073300000004,8347.3532
2026-01-21,4,1,1,2026,103.39,27.6,6.5,90.7321,10707,7204,22703,69830,70312,4676,69780,69582,69666,5030,90.7321,36200.0,25800.0,26600.0,24800.0,34206.0017,8519.744190000001
2026-01-28,5,1,1,2026,104.04,21.8,6.5,90.7321,10827,7258,22965,70265,70633,4937,69830,69780,69864,4676,90.7321,36200.0,25800.0,26600.0,25250.0,34115.2696,8574.18345
2026-02-04,6,2,1,2026,103.6,37.4,6.5,90.765,10426,7159,22937,69921,70423,4864,70265,69830,69949,4937,90.7321,36200.0,26200.0,26900.0,26700.0,34309.17,8731.593
2026-02-11,7,2,1,2026,102.5,29.3,6.5,90.765,10711,7173,22724,69171,69619,4913,69921,70265,69796,4864,90.765,36200.0,27000.0,27700.0,27700.0,34127.64,9094.653
2026-02-18,8,2,1,2026,103.78,32.0,6.5,90.765,10668,6684,22501,69191,69630,4618,69171,69921,69637,4913,90.765,36200.0,26500.0,27200.0,27300.0,34036.875,9575.7075
2026-02-25,9,2,1,2026,102.33,15.7,6.5,90.765,10593,7390,22665,69569,69670,5025,69191,69171,69463,4618,90.765,36200.0,25800.0,26500.0,26100.0,34036.875,9766.314
2026-03-04,10,3,1,2026,102.35,29.8,6.5,92.8981,10828,7101,22214,69592,69620,5044,69569,69191,69380,5025,90.765,36200.0,27300.0,28000.0,27525.0,34836.7875,10660.056975
2026-03-11,11,3,1,2026,105.01,13.9,6.5,92.8981,10517,7371,22790,68846,69319,4567,69592,69569,69299,5044,92.8981,36200.0,27900.0,28600.0,27050.0,34836.7875,11370.72744
2026-03-18,12,3,1,2026,102.35,39.3,6.5,92.8981,10697,7242,21992,69253,69576,4969,68846,69592,69315,4567,92.8981,36200.0,27500.0,28200.0,26150.0,35301.278,11426.4663
2026-03-25,13,3,1,2026,102.8,16.0,6.5,92.8981,10552,7148,22738,69225,69846,5594,69253,68846,69229,4969,92.8981,36200.0,27200.0,27900.0,25450.0,36601.8514,11426.4663
2026-04-01,14,4,2,2026,103.33,30.5,6.5,93.397,10531,7380,22173,69464,70014,4825,69225,69253,69197,5594,92.8981,36200.0,29000.0,29700.0,27400.0,37545.594000000005,11431.792800000001
2026-04-08,15,4,2,2026,103.69,5.4,6.5,93.397,10491,6955,22192,68997,69731,5068,69464,69225,69234,4825,93.397,36200.0,29100.0,29800.0,27000.0,37732.388,10927.449
2026-04-15,16,4,2,2026,104.75,11.6,6.5,93.397,11141,7462,22199,68802,68973,4882,68997,69464,69122,5068,93.397,36200.0,28300.0,28900.0,26200.0,37732.388,10535.1816
2026-04-22,17,4,2,2026,104.42,6.3,6.5,93.397,10568,7046,22439,68896,69075,4567,68802,68997,69039,4882,93.397,36200.0,27000.0,27700.0,26300.0,37919.182,10460.464
2026-04-29,18,4,2,2026,104.95,15.5,6.5,93.397,10360,6738,22096,68476,68757,5067,68896,68802,68792,4567,93.397,36200.0,26100.0,26800.0,25550.0,38292.770000000004,10609.8992
2026-05-06,19,5,2,2026,104.57,13.8,6.5,95.4102,10183,6897,22399,70173,70182,4953,68476,68896,69086,5067,93.397,36200.0,26000.0,26700.0,25850.0,39309.002400000005,11096.20626
2026-05-13,20,5,2,2026,104.27,7.0,6.5,95.4102,10187,7007,22409,69726,70204,4795,70173,68476,69317,4953,95.4102,36200.0,25500.0,26200.0,25200.0,39595.233,11220.23952
2026-05-20,21,5,2,2026,103.0,22.4,6.5,95.4102,10264,6700,22332,68598,69516,4815,69726,70173,69243,4795,95.4102,36200.0,25400.0,26100.0,25000.0,39309.002400000005,11391.97788
2026-05-27,22,5,2,2026,104.32,11.0,6.5,95.4102,10343,6939,21794,69057,69556,4503,68598,69726,69388,4815,95.4102,36200.0,25400.0,26000.0,24700.0,38927.361600000004,11391.97788
